smoothed;1
(;);n;o;r;d;s;t;m; ;h;a;p;e;c;i;l;y;f;u;g;w;b;k;v;#
;0.005672;0.005672;0.057520;0.063885;0.043115;0.028996;0.051051;0.083891;0.018172;0.180709;0.045357;0.067864;0.015046;0.094330;0.021398;0.059833;0.031242;0.018446;0.015165;0.024205;0.017159;0.017616;0.012664;0.008812;0.007883;0.004297
