smoothed;1
(;w;e; ;n;o;t;a;k;y;u;l;i;v;h;c;r;x;s;m;d;f;.;);z;g;p;b;,;q;j;?;!;é;ö;á;í;#
;0.013474;0.018387;0.092628;0.167286;0.054244;0.064511;0.078791;0.063272;0.007843;0.020016;0.025905;0.032722;0.056223;0.008365;0.040994;0.019960;0.044236;0.001793;0.048748;0.018310;0.027521;0.015208;0.008614;0.013474;0.000786;0.018635;0.014969;0.012948;0.007284;0.000442;0.001930;0.000465;0.000015;0.000001;0.000000;0.000000;0.000000;0.000000
