smoothed;1
(;);f;r;o;m; ;n;e;w;y;k;t;i;s;c;b;a;h;d;g;u;p;l;v;#
;0.008642;0.008642;0.014717;0.045433;0.062698;0.019300;0.175802;0.057350;0.097694;0.018358;0.018349;0.007799;0.082736;0.057848;0.051414;0.020822;0.012144;0.067186;0.045950;0.030571;0.017383;0.023220;0.014632;0.029665;0.007763;0.003885
