smoothed;1
(;);t;h;i;s; ;m;e;a;g;c;o;f;r;n;p;b;l;w;d;y;u;k;v;#
;0.004407;0.004407;0.084400;0.045766;0.058083;0.052157;0.182034;0.019150;0.096686;0.067571;0.017232;0.021554;0.064266;0.014634;0.044614;0.057304;0.016393;0.012952;0.030318;0.017845;0.027884;0.017270;0.023460;0.007999;0.007644;0.003969
