unsmoothed;1
(;r;e;a;n;u;d;c;i;ó; ;l;p;í;o;s;);m;t;,;v;b;y;ñ;q;h;.;g;f;á;x;z;k;¿;é;?;j;ú;w;#
;0.005996;0.056374;0.113701;0.088668;0.057309;0.030159;0.040514;0.035994;0.051727;0.007177;0.156524;0.041408;0.024967;0.004101;0.071166;0.065967;0.005996;0.024086;0.038428;0.010205;0.005870;0.009264;0.006781;0.001805;0.007819;0.005546;0.006170;0.008454;0.006164;0.002632;0.001511;0.002039;0.000204;0.000132;0.002003;0.000132;0.002242;0.000660;0.000060;0.000048
