smoothed;1
(;r;e;a;n;u;d;c;i;ó; ;l;p;í;o;s;);m;t;,;v;b;y;ñ;q;h;.;g;f;á;x;z;k;¿;é;?;j;ú;w;#
;0.006000;0.056366;0.113679;0.088652;0.057301;0.030158;0.040511;0.035991;0.051720;0.007181;0.156492;0.041404;0.024967;0.004106;0.071155;0.065957;0.006000;0.024086;0.038425;0.010209;0.005875;0.009267;0.006786;0.001810;0.007823;0.005551;0.006174;0.008458;0.006168;0.002638;0.001517;0.002044;0.000210;0.000138;0.002008;0.000138;0.002248;0.000665;0.000066;0.000054
