smoothed;1
(;r;e;s;u;m;p;t;i;o;n; ;f;h;);d;c;l;a;j;y;b;,;w;k;g;v;.;q;x;?;z;ó;ä;#
;0.006388;0.052070;0.103419;0.053563;0.023553;0.024197;0.021396;0.079509;0.064188;0.066268;0.059274;0.160715;0.017121;0.037464;0.006388;0.026775;0.025850;0.030144;0.059727;0.001270;0.012284;0.010178;0.010306;0.012769;0.004014;0.013171;0.008551;0.006228;0.000976;0.001653;0.000160;0.000287;0.000038;0.000038;0.000070
