unsmoothed;1
(;w;i;e;d;r;a;u;f;n;h;m; ;s;t;z;g;p;o;);c;k;l;ä;,;.;b;ü;j;ß;ö;v;x;?;q;!;y;#
;0.006219;0.012718;0.073273;0.135190;0.043757;0.066289;0.041394;0.033732;0.014161;0.087720;0.035928;0.022028;0.132136;0.048981;0.049678;0.010125;0.027028;0.008072;0.023539;0.006219;0.023956;0.011897;0.026008;0.006393;0.010908;0.005914;0.015224;0.005634;0.001119;0.003912;0.002208;0.007413;0.000311;0.000143;0.000149;0.000354;0.000199;0.000068
