smoothed;1
(;w;i;e;d;r;a;u;f;n;h;m; ;s;t;z;g;p;o;);c;k;l;ä;,;.;b;ü;j;ß;ö;v;x;?;q;!;y;#
;0.006224;0.012721;0.073262;0.135164;0.043753;0.066280;0.041391;0.033730;0.014164;0.087705;0.035925;0.022029;0.132111;0.048976;0.049672;0.010128;0.027028;0.008077;0.023540;0.006224;0.023956;0.011900;0.026008;0.006398;0.010912;0.005919;0.015227;0.005639;0.001125;0.003917;0.002213;0.007418;0.000317;0.000149;0.000155;0.000361;0.000205;0.000075
