unsmoothed;1
(;r;e;s;u;m;p;t;i;o;n; ;f;h;);d;c;l;a;j;y;b;,;w;k;g;v;.;q;x;?;z;ó;ä;#
;0.006383;0.052075;0.103436;0.053569;0.023552;0.024196;0.021394;0.079520;0.064196;0.066276;0.059281;0.160745;0.017118;0.037466;0.006383;0.026775;0.025849;0.030145;0.059734;0.001264;0.012280;0.010174;0.010301;0.012765;0.004008;0.013167;0.008546;0.006223;0.000970;0.001647;0.000153;0.000281;0.000032;0.000032;0.000064
