smoothed;1
(;i;m; ;a;l;b;o;u;t;h;e;s;c;);w;p;d;n;y;f;r;g;q;x;j;v;k;z;,;.;í;ö;á;é;ä;#
;0.026534;0.059518;0.018313;0.157317;0.065566;0.032054;0.012543;0.063448;0.024965;0.080698;0.043899;0.091314;0.049624;0.020420;0.026534;0.018634;0.014433;0.026175;0.053737;0.020205;0.013694;0.041080;0.016669;0.000566;0.001189;0.002085;0.007675;0.010247;0.000717;0.000035;0.000109;0.000001;0.000002;0.000001;0.000001;0.000000;0.000001
