smoothed;1
(;h;i; ;e;v;r;y;b;o;d;w;l;c;m;t;j;s;);a;p;g;u;f;n;x;k;.;z;q;,;#
;0.026521;0.047243;0.054879;0.157811;0.092590;0.007689;0.041882;0.021656;0.012042;0.064262;0.027814;0.020513;0.029992;0.019490;0.017606;0.080979;0.002098;0.050140;0.026521;0.064511;0.015348;0.017575;0.024367;0.012138;0.053130;0.000937;0.008913;0.000129;0.000742;0.000428;0.000053;0.000001
