smoothed;1
(;s;t;a;e; ;o;r;n;y;g;l;d;h;i;);c;p;u;f;k;w;m;b;v;z;j;x;,;q;.;#
;0.030078;0.050868;0.075257;0.066037;0.091262;0.147419;0.061622;0.043244;0.054467;0.019292;0.017433;0.032730;0.027926;0.041348;0.057310;0.030078;0.022778;0.014860;0.026166;0.015188;0.007915;0.016612;0.018578;0.013719;0.007607;0.000739;0.002011;0.001811;0.002254;0.000619;0.002326;0.000447
