smoothed;1
(;h;e;l;o; ;i;m;d;n;g;r;a;t;);y;u;k;c;p;s;f;b;v;w;z;q;j;x;,;.;?;#
;0.026479;0.041953;0.090930;0.035670;0.064199;0.162440;0.062422;0.018954;0.024365;0.050136;0.016669;0.037374;0.062795;0.080105;0.026479;0.024549;0.027474;0.013251;0.018070;0.013593;0.046617;0.012910;0.012558;0.007858;0.017730;0.000533;0.000517;0.001921;0.001256;0.000074;0.000101;0.000014;0.000004
