smoothed;1
(;w;h;o;s; ;l;i;b;e;r;a;c;);y;u;m;n;k;p;d;t;g;x;v;f;j;q;z;.;,;#
;0.027075;0.020042;0.043859;0.065526;0.048478;0.160649;0.031347;0.056734;0.012535;0.091967;0.039232;0.063585;0.019345;0.027075;0.023737;0.027597;0.018763;0.051611;0.010162;0.013706;0.026172;0.077991;0.016630;0.001315;0.008145;0.013352;0.002034;0.000562;0.000628;0.000119;0.000017;0.000007
