smoothed;1
(;s;o; ;w;i;t;h;a;b;e;n;g;d;u;);c;l;m;p;f;r;k;y;v;j;z;x;q;.;,;é;#
;0.026310;0.047500;0.064548;0.162143;0.020165;0.057983;0.081596;0.045110;0.064632;0.012508;0.091846;0.053078;0.016764;0.026608;0.025740;0.026310;0.017640;0.031105;0.017620;0.013244;0.014148;0.038845;0.009962;0.022292;0.008231;0.001959;0.000547;0.000995;0.000484;0.000050;0.000031;0.000003;0.000002
