smoothed;1
(;w;e;l;c;o;m; ;t;p;d;s;a;v;r;i;j;h;n;);f;u;y;k;g;b;z;x;q;.;,;é;#
;0.026296;0.019454;0.093331;0.030479;0.019724;0.062784;0.018265;0.157018;0.081597;0.015022;0.027326;0.049620;0.065719;0.007881;0.041118;0.057559;0.002038;0.045271;0.055348;0.026296;0.013023;0.024958;0.018581;0.010029;0.016556;0.012448;0.000565;0.000963;0.000544;0.000157;0.000025;0.000002;0.000003
