smoothed;1
(;h;i; ;e;v;r;y;o;n;w;l;c;m;t;b;);s;f;q;a;p;u;g;k;z;d;x;j;,;.;?;#
;0.021828;0.044153;0.059103;0.157880;0.092331;0.008123;0.041235;0.020432;0.063818;0.054203;0.016844;0.032005;0.020431;0.017702;0.084503;0.011953;0.021828;0.050743;0.014974;0.000718;0.067339;0.014653;0.026118;0.015737;0.006915;0.000585;0.027949;0.001350;0.001167;0.001666;0.001330;0.000376;0.000009
