smoothed;1
(;a;n;d; ;w;e;r;b;c;k;g;l;s;o;m;p;u;t;j;);i;h;y;f;x;q;v;z;.;,;รถ;#
;0.026696;0.064198;0.053571;0.027235;0.161177;0.019255;0.092786;0.039122;0.012476;0.017998;0.011478;0.017151;0.032355;0.048679;0.063850;0.017927;0.014384;0.025472;0.079513;0.002023;0.026696;0.057453;0.044780;0.021537;0.012210;0.001219;0.000416;0.007439;0.000700;0.000142;0.000054;0.000003;0.000002
