smoothed;1
(;m;u;s;i;c;);w;e;l;o; ;y;d;g;a;n;k;z;b;t;h;r;f;p;v;q;j;x;.;,;#
;0.026314;0.017784;0.027378;0.047275;0.059964;0.015587;0.026314;0.020774;0.090817;0.033310;0.062875;0.170189;0.025549;0.026964;0.018416;0.061362;0.048720;0.014600;0.000736;0.012287;0.076456;0.045143;0.034226;0.011953;0.012026;0.007528;0.000339;0.002567;0.001137;0.000677;0.000577;0.000155
