smoothed;1
(;b;y; ;n;o;w;,;u;p;r;a;l;k;h;t;s;e;d;i;.;);c;m;g;f;v;x;z;j;q;?;#
;0.022698;0.012430;0.018493;0.155869;0.051497;0.062033;0.015971;0.008651;0.024229;0.014287;0.041770;0.063511;0.034334;0.008641;0.041263;0.076343;0.051004;0.092458;0.027641;0.056875;0.006957;0.022698;0.021210;0.020196;0.017851;0.016866;0.008368;0.001287;0.000617;0.001828;0.000804;0.000813;0.000507
