smoothed;1
(;p;r;e;s;i;d;n;t; ;u;m;a;y;h;g;w;o;);b;c;z;x;v;f;l;k;.;j;q;,;é;á;ä;í;#
;0.026180;0.015684;0.043466;0.092464;0.052606;0.056804;0.026571;0.053155;0.080227;0.155459;0.025329;0.018725;0.065522;0.019582;0.043868;0.016941;0.016966;0.063235;0.026180;0.013020;0.020867;0.000757;0.001243;0.007835;0.015014;0.031701;0.007863;0.000253;0.001868;0.000568;0.000043;0.000001;0.000001;0.000001;0.000002;0.000001
