smoothed;1
(;s;t;a;i;c;);v;.;o; ;n;l;r;h;e;y;,;f;u;d;g;m;p;j;w;!;k;b;x;?;q;z;#
;0.024311;0.051880;0.075097;0.062908;0.059974;0.022112;0.024311;0.007988;0.010147;0.063834;0.149628;0.053507;0.034570;0.041374;0.037223;0.088907;0.018808;0.010024;0.014349;0.025219;0.026049;0.016452;0.021349;0.015611;0.001974;0.016132;0.000679;0.007741;0.012722;0.001627;0.001761;0.000623;0.001077;0.000034
