smoothed;1
(;b;u;t; ;o;c;h;a;n;g;e;p;i;s;j;y;w;r;);l;k;v;m;f;d;x;#
;0.008478;0.013130;0.024962;0.078954;0.181256;0.063475;0.019741;0.046579;0.066032;0.052342;0.018670;0.095532;0.013965;0.059551;0.049143;0.002391;0.021136;0.018632;0.042592;0.008478;0.034618;0.011403;0.008160;0.017168;0.014568;0.026747;0.001202;0.001097
