smoothed;1
(;t;h;e; ;r;a;m;i;n;s;b;u;g;w;o;v;);l;y;c;d;f;p;j;k;x;z;#
;0.026577;0.079677;0.044666;0.098509;0.144289;0.048432;0.064930;0.019097;0.058352;0.062914;0.050660;0.011670;0.026418;0.014535;0.015278;0.061588;0.007321;0.026577;0.026259;0.017028;0.026259;0.027054;0.013474;0.017240;0.001273;0.007002;0.001220;0.000849;0.000849
