smoothed;1
(;i;t; ;s;g;r;e;a;o;b;j;n;d;y;);c;m;k;h;w;p;l;f;v;u;x;z;q;.;#
;0.026318;0.058890;0.082534;0.154543;0.049456;0.016757;0.042193;0.091468;0.065998;0.063058;0.012757;0.001798;0.054971;0.027722;0.019334;0.026318;0.020609;0.019413;0.008379;0.042216;0.018165;0.015474;0.030921;0.014124;0.008314;0.025492;0.001307;0.000577;0.000679;0.000186;0.000028
