smoothed;1
(;a;l;r;i;g;h;t; ;j;m;c;e;y;s;n;);o;k;v;b;f;w;u;d;p;#
;0.010352;0.067323;0.030107;0.044369;0.056971;0.018060;0.045079;0.079946;0.179820;0.001717;0.019051;0.019013;0.094949;0.020723;0.048405;0.055479;0.010352;0.064232;0.009059;0.008634;0.013277;0.012710;0.020138;0.023953;0.028748;0.014879;0.002653
