smoothed;1
(;s;o; ;w;h;y;a;r;e;n;t;f;l;i;g;c;u;j;);m;p;d;b;k;v;x;#
;0.027194;0.047514;0.062895;0.165795;0.019409;0.045783;0.022867;0.062899;0.036208;0.091403;0.051099;0.080092;0.013790;0.031876;0.059514;0.017479;0.017370;0.025898;0.001921;0.027194;0.018593;0.012738;0.027013;0.011388;0.012448;0.007187;0.001205;0.001224
