smoothed;1
(;t;h;i;s; ;d;e;m;o;c;r;a;y;n;w;g;);j;u;z;l;v;f;k;p;b;.;q;x;,;á;ö;ã;!;?;í;ó;ñ;é;à;¡;ú;#
;0.026389;0.077380;0.042479;0.057553;0.049488;0.149146;0.028740;0.093914;0.019772;0.061856;0.021681;0.045197;0.067914;0.017090;0.056901;0.018635;0.015947;0.026389;0.001892;0.022977;0.000978;0.029905;0.007809;0.014371;0.007623;0.015210;0.011495;0.003858;0.000536;0.001210;0.005149;0.000070;0.000001;0.000001;0.000073;0.000327;0.000017;0.000006;0.000002;0.000015;0.000001;0.000001;0.000001;0.000001
